Name,Link
Erling Haaland,/en/players/1f44ac21/Erling-Haaland
Kevin De Bruyne,/en/players/e46012d4/Kevin-De-Bruyne
David de Gea,/en/players/7ba6d84e/David-de-Gea
Brenden Aaronson,/en/players/5bc43860/Brenden-Aaronson
George Abbott,/en/players/56628958/George-Abbott
Che Adams,/en/players/f2bf1b0f/Che-Adams
Tyler Adams,/en/players/2b09d998/Tyler-Adams
Tosin Adarabioyo,/en/players/c81d773d/Tosin-Adarabioyo
Nayef Aguerd,/en/players/288e1e13/Nayef-Aguerd
Naouirou Ahamada,/en/players/a6c58494/Naouirou-Ahamada
Rayan Ait Nouri,/en/players/9b398aea/Rayan-Ait-Nouri
Kristoffer Ajer,/en/players/a8c0acb7/Kristoffer-Ajer
Manuel Akanji,/en/players/89ac64a6/Manuel-Akanji
Nathan Ake,/en/players/eaeca114/Nathan-Ake
Marc Albrighton,/en/players/b827d5b3/Marc-Albrighton
Thiago Alcantara,/en/players/77e84962/Thiago-Alcantara
Carlos Alcaraz,/en/players/4abac767/Carlos-Alcaraz
Trent Alexander Arnold,/en/players/cd1acf9d/Trent-Alexander-Arnold
Alisson,/en/players/7a2e46a8/Alisson
Dele Alli,/en/players/cea4ee8f/Dele-Alli
Miguel Almiron,/en/players/862a1c15/Miguel-Almiron
Julian Alvarez,/en/players/15ab5a2b/Julian-Alvarez
Daniel Amartey,/en/players/1a4ef233/Daniel-Amartey
Samuel Amo Ameyaw,/en/players/9eedf0e0/Samuel-Amo-Ameyaw
Joachim Andersen,/en/players/e34fc66d/Joachim-Andersen
Elliot Anderson,/en/players/de31038e/Elliot-Anderson
Jaidon Anthony,/en/players/e4238fb1/Jaidon-Anthony
Michail Antonio,/en/players/ac05f970/Michail-Antonio
Antony,/en/players/99127249/Antony
Cameron Archer,/en/players/05e8ca6d/Cameron-Archer
Alphonse Areola,/en/players/2f965a72/Alphonse-Areola
Joe Aribo,/en/players/328f7d51/Joe-Aribo
Adam Armstrong,/en/players/68c720b5/Adam-Armstrong
Stuart Armstrong,/en/players/97333cf5/Stuart-Armstrong
Kepa Arrizabalaga,/en/players/28d596a0/Kepa-Arrizabalaga
Pierre Emerick Aubameyang,/en/players/d5dd5f1f/Pierre-Emerick-Aubameyang
Ludwig Augustinsson,/en/players/9fec8860/Ludwig-Augustinsson
Serge Aurier,/en/players/5c2b4f07/Serge-Aurier
Taiwo Awoniyi,/en/players/e5478b87/Taiwo-Awoniyi
Yasin Ayari,/en/players/f173303a/Yasin-Ayari
Andre Ayew,/en/players/5dbefa9d/Andre-Ayew
Jordan Ayew,/en/players/da052c14/Jordan-Ayew
Luke Ayling,/en/players/420d7c7d/Luke-Ayling
Cesar Azpilicueta,/en/players/53cad200/Cesar-Azpilicueta
Benoit Badiashile,/en/players/06df8256/Benoit-Badiashile
Leon Bailey,/en/players/3a233281/Leon-Bailey
Stefan Bajcetic,/en/players/32e8417f/Stefan-Bajcetic
Dominic Ballard,/en/players/ed8d597c/Dominic-Ballard
Patrick Bamford,/en/players/93feac6e/Patrick-Bamford
Shandon Baptiste,/en/players/2886c9b5/Shandon-Baptiste
Harvey Barnes,/en/players/3ea50f67/Harvey-Barnes
Gavin Bazunu,/en/players/c91441dc/Gavin-Bazunu
Mads Bech Sorensen,/en/players/30db8574/Mads-Bech-Sorensen
Jan Bednarek,/en/players/4115ce4e/Jan-Bednarek
Jan Bednarek,/en/players/4115ce4e/Jan-Bednarek
Donny van de Beek,/en/players/50dc94ce/Donny-van-de-Beek
Asmir Begovic,/en/players/7b4de647/Asmir-Begovic
Armel Bella Kotchap,/en/players/a39d11bc/Armel-Bella-Kotchap
Said Benrahma,/en/players/5a04fd92/Said-Benrahma
Rodrigo Bentancur,/en/players/3b8674e6/Rodrigo-Bentancur
Daniel Bentley,/en/players/68db6358/Daniel-Bentley
Victor Bernth Kristiansen,/en/players/505486d6/Victor-Bernth-Kristiansen
Owen Bevan,/en/players/87966294/Owen-Bevan
Giulian Biancone,/en/players/de40e38c/Giulian-Biancone
Philip Billing,/en/players/d328a254/Philip-Billing
Yves Bissouma,/en/players/6c203af0/Yves-Bissouma
Willy Boly,/en/players/a4ac4b8f/Willy-Boly
Sven Botman,/en/players/ccce7025/Sven-Botman
Jarrod Bowen,/en/players/79c84d1c/Jarrod-Bowen
James Bree,/en/players/c07b7c5c/James-Bree
Armando Broja,/en/players/97220da2/Armando-Broja
David Brooks,/en/players/dc4cae05/David-Brooks
Lewis Brunt,/en/players/a2081c6b/Lewis-Brunt
Emi Buendia,/en/players/66b76d44/Emi-Buendia
Hugo Bueno,/en/players/bfc3b3a0/Hugo-Bueno
Facundo Buonanotte,/en/players/468a7a91/Facundo-Buonanotte
Dan Burn,/en/players/b2d31e83/Dan-Burn
Cafu,/en/players/85322440/Cafu
Moises Caicedo,/en/players/16264a81/Moises-Caicedo
Tom Cairney,/en/players/a8748947/Tom-Cairney
Duje Caleta Car,/en/players/94f8d10c/Duje-Caleta-Car
Dominic Calvert Lewin,/en/players/59e6e5bf/Dominic-Calvert-Lewin
Chem Campbell,/en/players/6f711f67/Chem-Campbell
Joao Cancelo,/en/players/bd6351cd/Joao-Cancelo
Thomas Cannon,/en/players/4506aec5/Thomas-Cannon
Sergi Canos,/en/players/1137759d/Sergi-Canos
Diego Carlos,/en/players/b4a014b1/Diego-Carlos
Fabio Carvalho,/en/players/966e28d0/Fabio-Carvalho
Casemiro,/en/players/4d224fe8/Casemiro
Matty Cash,/en/players/2389cdc2/Matty-Cash
Timothy Castagne,/en/players/197640fd/Timothy-Castagne
Jonny Castro,/en/players/e28868f3/Jonny-Castro
Julio Cesar Enciso,/en/players/9cfbad36/Julio-Cesar-Enciso
Nathaniel Chalobah,/en/players/422862ea/Nathaniel-Chalobah
Trevoh Chalobah,/en/players/5515376c/Trevoh-Chalobah
Calum Chambers,/en/players/dc6f5bdd/Calum-Chambers
Shea Charles,/en/players/5cc3ce65/Shea-Charles
Ben Chilwell,/en/players/d2424d1b/Ben-Chilwell
Ryan Christie,/en/players/26ce2263/Ryan-Christie
Carney Chukwuemeka,/en/players/b2f9c73e/Carney-Chukwuemeka
Bobby Clark,/en/players/73341ace/Bobby-Clark
Nathaniel Clyne,/en/players/0442183b/Nathaniel-Clyne
Conor Coady,/en/players/2928dca2/Conor-Coady
Jack Colback,/en/players/963a9201/Jack-Colback
Seamus Coleman,/en/players/0420d84f/Seamus-Coleman
Nathan Collins,/en/players/a8c19eb8/Nathan-Collins
Levi Colwill,/en/players/700783e7/Levi-Colwill
Lewis Cook,/en/players/2afc7272/Lewis-Cook
Steve Cook,/en/players/3e5e4e63/Steve-Cook
Liam Cooper,/en/players/dc64b8b3/Liam-Cooper
Maxwel Cornet,/en/players/beb391dd/Maxwel-Cornet
Diego Costa,/en/players/a190d597/Diego-Costa
Vladimir Coufal,/en/players/fdf3cb77/Vladimir-Coufal
Philippe Coutinho,/en/players/0ef89a37/Philippe-Coutinho
Conor Coventry,/en/players/a5ca9127/Conor-Coventry
Matthew Craig,/en/players/bc914523/Matthew-Craig
Aaron Cresswell,/en/players/4f974391/Aaron-Cresswell
Marc Cucurella,/en/players/1daec722/Marc-Cucurella
Matheus Cunha,/en/players/dc62b55d/Matheus-Cunha
Patson Daka,/en/players/ca45605e/Patson-Daka
Diogo Dalot,/en/players/d9565625/Diogo-Dalot
Mikkel Damsgaard,/en/players/215f3907/Mikkel-Damsgaard
Danilo,/en/players/a816dbfb/Danilo
Arnaut Danjuma,/en/players/f08490a6/Arnaut-Danjuma
Josh Dasilva,/en/players/60344e4f/Josh-Dasilva
David Datro Fofana,/en/players/e82900ef/David-Datro-Fofana
Ben Davies,/en/players/44781702/Ben-Davies
Tom Davies,/en/players/9228b07c/Tom-Davies
Craig Dawson,/en/players/3e9e06cb/Craig-Dawson
Craig Dawson,/en/players/3e9e06cb/Craig-Dawson
Kevin De Bruyne,/en/players/e46012d4/Kevin-De-Bruyne
Siriki Dembele,/en/players/11f54bd5/Siriki-Dembele
Leander Dendoncker,/en/players/5a7301ae/Leander-Dendoncker
Leander Dendoncker,/en/players/5a7301ae/Leander-Dendoncker
Emmanuel Dennis,/en/players/2c44a35d/Emmanuel-Dennis
Halil Dervisoglu,/en/players/9d8cf204/Halil-Dervisoglu
Kiernan Dewsbury Hall,/en/players/5c74c0f5/Kiernan-Dewsbury-Hall
Ibrahima Diallo,/en/players/11ff3d56/Ibrahima-Diallo
Ruben Dias,/en/players/31c69ef1/Ruben-Dias
Luis Diaz,/en/players/4a1a9578/Luis-Diaz
Eric Dier,/en/players/ac861941/Eric-Dier
Lucas Digne,/en/players/1b84dbe1/Lucas-Digne
Issa Diop,/en/players/a712ca2b/Issa-Diop
Moussa Djenepo,/en/players/254147d4/Moussa-Djenepo
Ben Doak,/en/players/733f1a7d/Ben-Doak
Matt Doherty,/en/players/d557d734/Matt-Doherty
Gabriel Dos Santos,/en/players/67ac5bb8/Gabriel-Dos-Santos
Abdoulaye Doucoure,/en/players/02b29014/Abdoulaye-Doucoure
Cheick Doucoure,/en/players/ce4f40c7/Cheick-Doucoure
Flynn Downes,/en/players/69fdb896/Flynn-Downes
Kami Doyle,/en/players/65983e4d/Kami-Doyle
Cody Drameh,/en/players/e0d1510a/Cody-Drameh
Martin Dubravka,/en/players/3a949a25/Martin-Dubravka
Shane Duffy,/en/players/7314bba4/Shane-Duffy
Lewis Dunk,/en/players/282f75f3/Lewis-Dunk
Jhon Duran,/en/players/414184f7/Jhon-Duran
Malcolm Ebiowei,/en/players/fa9fa773/Malcolm-Ebiowei
Ederson,/en/players/3bb7b8b4/Ederson
Odsonne Edouard,/en/players/0562b7f1/Odsonne-Edouard
Samuel Edozie,/en/players/007414dd/Samuel-Edozie
Anthony Elanga,/en/players/2fba6108/Anthony-Elanga
Harvey Elliott,/en/players/b9e1436c/Harvey-Elliott
Mohamed Elneny,/en/players/47a34c4f/Mohamed-Elneny
Mohamed Elyounoussi,/en/players/68dc0dac/Mohamed-Elyounoussi
Emerson,/en/players/df8b52a5/Emerson
Christian Eriksen,/en/players/980522ec/Christian-Eriksen
Pervis Estupinan,/en/players/d38fdf53/Pervis-Estupinan
Jonny Evans,/en/players/f8fcd2a5/Jonny-Evans
Eberechi Eze,/en/players/ae4fc6a4/Eberechi-Eze
Lukasz Fabianski,/en/players/9328b835/Lukasz-Fabianski
Fabinho,/en/players/7f3b388c/Fabinho
Wout Faes,/en/players/9c221d14/Wout-Faes
Felipe,/en/players/51a3c4c8/Felipe
Joao Felix,/en/players/8aafd64f/Joao-Felix
Evan Ferguson,/en/players/4596da74/Evan-Ferguson
Bruno Fernandes,/en/players/507c7bdf/Bruno-Fernandes
Enzo Fernandez,/en/players/5ff4ab71/Enzo-Fernandez
Roberto Firmino,/en/players/4c370d81/Roberto-Firmino
Junior Firpo,/en/players/24f59bb2/Junior-Firpo
Phil Foden,/en/players/ed1e53f3/Phil-Foden
Wesley Fofana,/en/players/132a82f1/Wesley-Fofana
Wesley Fofana,/en/players/132a82f1/Wesley-Fofana
Pablo Fornals,/en/players/82927de4/Pablo-Fornals
Adam Forshaw,/en/players/9f1938ab/Adam-Forshaw
Fraser Forster,/en/players/c3e39f12/Fraser-Forster
Tyrese Francois,/en/players/6722d4f0/Tyrese-Francois
Ryan Fraser,/en/players/d56543a0/Ryan-Fraser
Fred,/en/players/b853e0ad/Fred
Ryan Fredericks,/en/players/c067631c/Ryan-Fredericks
Remo Freuler,/en/players/98d2c2c4/Remo-Freuler
Cody Gakpo,/en/players/1971591f/Cody-Gakpo
Conor Gallagher,/en/players/c2731c10/Conor-Gallagher
Idrissa Gana Gueye,/en/players/72c812f3/Idrissa-Gana-Gueye
Alejandro Garnacho,/en/players/7aa8adfe/Alejandro-Garnacho
James Garner,/en/players/4e015693/James-Garner
David de Gea,/en/players/7ba6d84e/David-de-Gea
Joe Gelhardt,/en/players/01962d0d/Joe-Gelhardt
Saman Ghoddos,/en/players/f7b1d4e0/Saman-Ghoddos
Morgan Gibbs White,/en/players/32f60ed8/Morgan-Gibbs-White
Morgan Gibbs White,/en/players/32f60ed8/Morgan-Gibbs-White
Bryan Gil,/en/players/7b5ab7f2/Bryan-Gil
Billy Gilmour,/en/players/df10e27c/Billy-Gilmour
Degnand Gnonto,/en/players/75fdd638/Degnand-Gnonto
Ben Godfrey,/en/players/9f7c837d/Ben-Godfrey
Joao Gomes,/en/players/8b57ad2c/Joao-Gomes
Toti Gomes,/en/players/f0caab96/Toti-Gomes
Joe Gomez,/en/players/7a11550b/Joe-Gomez
Sergio Gomez,/en/players/01e5f06e/Sergio-Gomez
Anthony Gordon,/en/players/2bd83368/Anthony-Gordon
Anthony Gordon,/en/players/2bd83368/Anthony-Gordon
Demarai Gray,/en/players/4468ec10/Demarai-Gray
Jack Grealish,/en/players/b0b4fd3e/Jack-Grealish
Sam Greenwood,/en/players/f3354c07/Sam-Greenwood
Pascal Gross,/en/players/8aec0537/Pascal-Gross
Vicente Guaita,/en/players/ab13a5aa/Vicente-Guaita
Goncalo Guedes,/en/players/e6bc67d7/Goncalo-Guedes
Marc Guehi,/en/players/d0706b27/Marc-Guehi
Bruno Guimaraes,/en/players/82518f62/Bruno-Guimaraes
Ilkay Gundogan,/en/players/819b3158/Ilkay-Gundogan
Darko Gyabi,/en/players/56d838f7/Darko-Gyabi
Erling Haaland,/en/players/1f44ac21/Erling-Haaland
Lewis Hall,/en/players/da011f18/Lewis-Hall
Luke Harris,/en/players/8c3078cd/Luke-Harris
Jack Harrison,/en/players/aa849a12/Jack-Harrison
Kai Havertz,/en/players/fed7cb61/Kai-Havertz
Jan Paul van Hecke,/en/players/4fd08daa/Jan-Paul-van-Hecke
Hwang Hee chan,/en/players/169fd162/Hwang-Hee-chan
Dean Henderson,/en/players/e5a76dfe/Dean-Henderson
Jordan Henderson,/en/players/935e6b8f/Jordan-Henderson
Wayne Hennessey,/en/players/76eca7e2/Wayne-Hennessey
Rico Henry,/en/players/8a3c1dc7/Rico-Henry
Son Heung min,/en/players/92e7e919/Son-Heung-min
Aaron Hickey,/en/players/1780bb4a/Aaron-Hickey
Jack Hinshelwood,/en/players/e98211e7/Jack-Hinshelwood
Joseph Hodge,/en/players/bd8a5d95/Joseph-Hodge
Rob Holding,/en/players/d79a8c87/Rob-Holding
Mason Holgate,/en/players/d0042ab9/Mason-Holgate
Will Hughes,/en/players/a0666d3e/Will-Hughes
Omari Hutchinson,/en/players/bd9553e6/Omari-Hutchinson
Pierre Hojbjerg,/en/players/8b04d6c1/Pierre-Hojbjerg
Kelechi Iheanacho,/en/players/c92e1a31/Kelechi-Iheanacho
Danny Ings,/en/players/07802f7f/Danny-Ings
Danny Ings,/en/players/07802f7f/Danny-Ings
Alexander Isak,/en/players/8e92be30/Alexander-Isak
Daniel Iversen,/en/players/10d221cd/Daniel-Iversen
Alex Iwobi,/en/players/6ca5ec4b/Alex-Iwobi
Daniel James,/en/players/c931d9f9/Daniel-James
Daniel James,/en/players/c931d9f9/Daniel-James
Reece James,/en/players/1265a93a/Reece-James
Vitaly Janelt,/en/players/8449d35e/Vitaly-Janelt
Pontus Jansson,/en/players/172e52d8/Pontus-Jansson
Mathias Jensen,/en/players/0f134faf/Mathias-Jensen
Gabriel Jesus,/en/players/b66315ae/Gabriel-Jesus
Raul Jimenez,/en/players/b561db50/Raul-Jimenez
Joelinton,/en/players/c17bfb65/Joelinton
Ben Johnson,/en/players/9319781b/Ben-Johnson
Brennan Johnson,/en/players/0cd31129/Brennan-Johnson
Sam Johnstone,/en/players/9e5708be/Sam-Johnstone
Curtis Jones,/en/players/4fb9c88f/Curtis-Jones
Jorginho,/en/players/45db685d/Jorginho
Jorginho,/en/players/45db685d/Jorginho
Mateo Joseph,/en/players/6ad43f9a/Mateo-Joseph
Diogo Jota,/en/players/178ae8f8/Diogo-Jota
Hamed Junior Traore,/en/players/570bb4b9/Hamed-Junior-Traore
James Justin,/en/players/fb614c44/James-Justin
Mathias Jorgensen,/en/players/0db5d2c8/Mathias-Jorgensen
Sasa Kalajdzic,/en/players/15f24fe7/Sasa-Kalajdzic
Boubacar Kamara,/en/players/cc77354e/Boubacar-Kamara
Harry Kane,/en/players/21a66f6a/Harry-Kane
NGolo Kante,/en/players/b9fbae28/NGolo-Kante
Michael Keane,/en/players/c5b7c315/Michael-Keane
Neeskens Kebano,/en/players/18b999f4/Neeskens-Kebano
Thilo Kehrer,/en/players/51dbeea9/Thilo-Kehrer
Naby Keita,/en/players/f25c8e3a/Naby-Keita
Caoimhin Kelleher,/en/players/62d7ef38/Caoimhin-Kelleher
Lloyd Kelly,/en/players/f31def1e/Lloyd-Kelly
Max Kilman,/en/players/d0f72bf1/Max-Kilman
Jakub Kiwior,/en/players/dc3e663e/Jakub-Kiwior
Mateusz Klich,/en/players/282679b4/Mateusz-Klich
Robin Koch,/en/players/ea6bc03a/Robin-Koch
Ibrahima Konate,/en/players/5ed9b537/Ibrahima-Konate
Ezri Konsa,/en/players/0313a347/Ezri-Konsa
Kalidou Koulibaly,/en/players/da974c7b/Kalidou-Koulibaly
Cheikhou Kouyate,/en/players/8d3c902d/Cheikhou-Kouyate
Mateo Kovacic,/en/players/79c0821a/Mateo-Kovacic
Emil Krafth,/en/players/77cf6852/Emil-Krafth
Dejan Kulusevski,/en/players/df3cda47/Dejan-Kulusevski
Layvin Kurzawa,/en/players/41e7ef1c/Layvin-Kurzawa
Adam Lallana,/en/players/99813635/Adam-Lallana
Tariq Lamptey,/en/players/f4e433d4/Tariq-Lamptey
Manuel Lanzini,/en/players/26f6dca8/Manuel-Lanzini
Aymeric Laporte,/en/players/119b9a8e/Aymeric-Laporte
Juan Larios,/en/players/cf7fb13a/Juan-Larios
Jamaal Lascelles,/en/players/450ab6fc/Jamaal-Lascelles
Romeo Lavia,/en/players/ecad9aa5/Romeo-Lavia
Dexter Lembikisa,/en/players/0bdda685/Dexter-Lembikisa
Mario Lemina,/en/players/2b471f99/Mario-Lemina
Clement Lenglet,/en/players/4f28a6ff/Clement-Lenglet
Bernd Leno,/en/players/2628fd2b/Bernd-Leno
Jefferson Lerma,/en/players/9b5ce51a/Jefferson-Lerma
Jamal Lewis,/en/players/efb9215a/Jamal-Lewis
Rico Lewis,/en/players/b57e066e/Rico-Lewis
Keane Lewis Potter,/en/players/41f08ac8/Keane-Lewis-Potter
Victor Lindelof,/en/players/f5deef4c/Victor-Lindelof
Jesse Lingard,/en/players/810e3c74/Jesse-Lingard
Valentino Livramento,/en/players/afed6722/Valentino-Livramento
Diego Llorente,/en/players/bba30585/Diego-Llorente
Hugo Lloris,/en/players/8f62b6ee/Hugo-Lloris
Renan Lodi,/en/players/ed9f7cfe/Renan-Lodi
Ruben Loftus Cheek,/en/players/e97fd090/Ruben-Loftus-Cheek
Sean Longstaff,/en/players/a2b105e0/Sean-Longstaff
Jamal Lowe,/en/players/b2856bc0/Jamal-Lowe
Douglas Luiz,/en/players/6f7d826d/Douglas-Luiz
Sasa Lukic,/en/players/c6e8cf1f/Sasa-Lukic
Lyanco,/en/players/b5bf1770/Lyanco
Alexis Mac Allister,/en/players/83d074ff/Alexis-Mac-Allister
James Maddison,/en/players/ee38d9c5/James-Maddison
Noni Madueke,/en/players/bf34eebd/Noni-Madueke
Harry Maguire,/en/players/d8931174/Harry-Maguire
Riyad Mahrez,/en/players/892d5bb1/Riyad-Mahrez
Kobbie Mainoo,/en/players/c6220452/Kobbie-Mainoo
Ainsley Maitland Niles,/en/players/e3a5814e/Ainsley-Maitland-Niles
Tyrell Malacia,/en/players/6b6c793c/Tyrell-Malacia
Orel Mangala,/en/players/a572e291/Orel-Mangala
Javier Manquillo,/en/players/758dd7f0/Javier-Manquillo
Sekou Mara,/en/players/3544641e/Sekou-Mara
Solly March,/en/players/bb5fbd2b/Solly-March
Emiliano Marcondes,/en/players/4d960fc3/Emiliano-Marcondes
Marquinhos,/en/players/59878425/Marquinhos
Anthony Martial,/en/players/8b788c01/Anthony-Martial
Martinelli,/en/players/48a5a5d6/Martinelli
Emiliano Martinez,/en/players/7956236f/Emiliano-Martinez
Lisandro Martinez,/en/players/bac46a10/Lisandro-Martinez
Pape Matar Sarr,/en/players/feb5d972/Pape-Matar-Sarr
Jean Philippe Mateta,/en/players/50e6dc35/Jean-Philippe-Mateta
Joel Matip,/en/players/b217ef29/Joel-Matip
Neal Maupay,/en/players/4bcf39f6/Neal-Maupay
Kevin Mbabu,/en/players/493924a7/Kevin-Mbabu
Bryan Mbeumo,/en/players/6afaebf2/Bryan-Mbeumo
James McArthur,/en/players/cee31595/James-McArthur
Alex McCarthy,/en/players/36c2ca73/Alex-McCarthy
John McGinn,/en/players/90f91999/John-McGinn
Scott McKenna,/en/players/4e5a4cbc/Scott-McKenna
Weston McKennie,/en/players/01c3aff5/Weston-McKennie
Dwight McNeil,/en/players/fc15fb84/Dwight-McNeil
Scott McTominay,/en/players/d93c2511/Scott-McTominay
Ben Mee,/en/players/8df7a2fb/Ben-Mee
Edouard Mendy,/en/players/33887998/Edouard-Mendy
Nampalys Mendy,/en/players/1598599e/Nampalys-Mendy
Chris Mepham,/en/players/fed96827/Chris-Mepham
Illan Meslier,/en/players/6b625ac2/Illan-Meslier
Alexander Mighten,/en/players/10ec4169/Alexander-Mighten
Lewis Miley,/en/players/2c6835e5/Lewis-Miley
Luka Milivojevic,/en/players/2ce2508a/Luka-Milivojevic
James Milner,/en/players/2f90f6b8/James-Milner
Yerry Mina,/en/players/6d5701f2/Yerry-Mina
Tyrone Mings,/en/players/8397a50c/Tyrone-Mings
Tyrick Mitchell,/en/players/5cbd1eb0/Tyrick-Mitchell
Kaoru Mitoma,/en/players/74618572/Kaoru-Mitoma
Aleksandar Mitrovic,/en/players/3925dbd6/Aleksandar-Mitrovic
Kieffer Moore,/en/players/01ce9e70/Kieffer-Moore
Andrew Moran,/en/players/c4720845/Andrew-Moran
Alex Moreno,/en/players/16e9d0ea/Alex-Moreno
Mason Mount,/en/players/9674002f/Mason-Mount
Lucas Moura,/en/players/2b622f01/Lucas-Moura
Joao Moutinho,/en/players/f5a00fa4/Joao-Moutinho
Divin Mubama,/en/players/92868cb5/Divin-Mubama
Mykhailo Mudryk,/en/players/049a888d/Mykhailo-Mudryk
Jacob Murphy,/en/players/de112b84/Jacob-Murphy
Enock Mwepu,/en/players/1d5cab82/Enock-Mwepu
Vitaliy Mykolenko,/en/players/30d4a2e5/Vitaliy-Mykolenko
Keylor Navas,/en/players/ecada4fc/Keylor-Navas
Wilfred Ndidi,/en/players/6b47c5db/Wilfred-Ndidi
Reiss Nelson,/en/players/c5bdb6e3/Reiss-Nelson
Neto,/en/players/a9dc785c/Neto
Pedro Neto,/en/players/7ba2eaa9/Pedro-Neto
Ruben Neves,/en/players/44bfb6c5/Ruben-Neves
Moussa Niakhate,/en/players/00242715/Moussa-Niakhate
Rasmus Nissen,/en/players/39769cff/Rasmus-Nissen
Eddie Nketiah,/en/players/a53649b7/Eddie-Nketiah
Matheus Nunes,/en/players/e6af02e0/Matheus-Nunes
Darwin Nunez,/en/players/4d77b365/Darwin-Nunez
Ethan Nwaneri,/en/players/7f94982c/Ethan-Nwaneri
Christian Norgaard,/en/players/df0a4c90/Christian-Norgaard
Lewis OBrien,/en/players/089667a5/Lewis-OBrien
Odeluga Offiah,/en/players/65c3efa2/Odeluga-Offiah
Angelo Ogbonna,/en/players/74b2cd7e/Angelo-Ogbonna
Michael Olise,/en/players/c4486bac/Michael-Olise
Robin Olsen,/en/players/e7ee38c3/Robin-Olsen
Amadou Onana,/en/players/828657ff/Amadou-Onana
Josh Onomah,/en/players/6612cd8c/Josh-Onomah
Paul Onuachu,/en/players/c06d1086/Paul-Onuachu
Frank Onyeka,/en/players/2944f86f/Frank-Onyeka
Mislav Orsic,/en/players/ee950928/Mislav-Orsic
Stefan Ortega,/en/players/c1242d4e/Stefan-Ortega
Dango Ouattara,/en/players/2f9e4435/Dango-Ouattara
Alex Oxlade Chamberlain,/en/players/38c7feef/Alex-Oxlade-Chamberlain
David Ozoh,/en/players/d00d45ab/David-Ozoh
Joao Palhinha,/en/players/a78ff07f/Joao-Palhinha
Cole Palmer,/en/players/dc7f8a28/Cole-Palmer
Emerson Palmieri,/en/players/e0bc6fdc/Emerson-Palmieri
Lucas Paqueta,/en/players/9b6f7fd5/Lucas-Paqueta
Thomas Partey,/en/players/529f49ab/Thomas-Partey
Nathan Patterson,/en/players/230f0471/Nathan-Patterson
Ben Pearson,/en/players/a6b461e7/Ben-Pearson
Facundo Pellistri,/en/players/ac7e7b1c/Facundo-Pellistri
Andreas Pereira,/en/players/6639e500/Andreas-Pereira
Ricardo Pereira,/en/players/75a72a99/Ricardo-Pereira
Ayoze Perez,/en/players/819aa8e7/Ayoze-Perez
Ivan Perisic,/en/players/6fe90922/Ivan-Perisic
Romain Perraud,/en/players/6dfd8f05/Romain-Perraud
Maximo Perrone,/en/players/53552942/Maximo-Perrone
Cameron Peupion,/en/players/0bdeb013/Cameron-Peupion
Kalvin Phillips,/en/players/4f565d77/Kalvin-Phillips
Nathaniel Phillips,/en/players/515ebe8d/Nathaniel-Phillips
Jordan Pickford,/en/players/4806ec67/Jordan-Pickford
Ethan Pinnock,/en/players/e541326e/Ethan-Pinnock
Daniel Podence,/en/players/7fcc71d8/Daniel-Podence
Nick Pope,/en/players/4b40d9ca/Nick-Pope
Pedro Porro,/en/players/27d0a506/Pedro-Porro
Dennis Praet,/en/players/86695068/Dennis-Praet
Isaac Price,/en/players/b9403c99/Isaac-Price
Christian Pulisic,/en/players/1bf33a9a/Christian-Pulisic
Aaron Ramsdale,/en/players/466fb2c5/Aaron-Ramsdale
Jacob Ramsey,/en/players/1544f145/Jacob-Ramsey
Marcus Rashford,/en/players/a1d5bd30/Marcus-Rashford
David Raya,/en/players/98ea5115/David-Raya
Tim Ream,/en/players/28b40c9c/Tim-Ream
Nathan Redmond,/en/players/ab651565/Nathan-Redmond
Harrison Reed,/en/players/803ae100/Harrison-Reed
Bobby Reid,/en/players/0f7533cd/Bobby-Reid
Declan Rice,/en/players/1c7012b8/Declan-Rice
Chris Richards,/en/players/0a3d6d2b/Chris-Richards
Richarlison,/en/players/fa031b34/Richarlison
Jairo Riedewald,/en/players/7a1f2c08/Jairo-Riedewald
Matt Ritchie,/en/players/71ef519e/Matt-Ritchie
Andrew Robertson,/en/players/2e4f5f03/Andrew-Robertson
Antonee Robinson,/en/players/289601e6/Antonee-Robinson
Joel Robles,/en/players/cda0b317/Joel-Robles
Marc Roca,/en/players/da27e268/Marc-Roca
Marek Rodak,/en/players/17acc2ed/Marek-Rodak
Rodri,/en/players/6434f10d/Rodri
Rodrigo,/en/players/1fb1c435/Rodrigo
Mads Roerslev,/en/players/57c94db2/Mads-Roerslev
Cristian Romero,/en/players/a3d94a58/Cristian-Romero
Oriol Romeu,/en/players/4b511457/Oriol-Romeu
Cristiano Ronaldo,/en/players/dea698d9/Cristiano-Ronaldo
Connor Ronan,/en/players/1b804500/Connor-Ronan
Salomon Rondon,/en/players/b318a643/Salomon-Rondon
Joe Rothwell,/en/players/10a10454/Joe-Rothwell
Georginio Rutter,/en/players/c64c01fc/Georginio-Rutter
Jose Sa,/en/players/903b6e8b/Jose-Sa
Marcel Sabitzer,/en/players/e280527c/Marcel-Sabitzer
Allan Saint Maximin,/en/players/2b16cb1a/Allan-Saint-Maximin
Bukayo Saka,/en/players/bc7dc64d/Bukayo-Saka
Mohamed Salah,/en/players/e342ad68/Mohamed-Salah
William Saliba,/en/players/972aeb2a/William-Saliba
Mohammed Salisu,/en/players/0b33f6ad/Mohammed-Salisu
Albert Sambi Lokonga,/en/players/1b4f1169/Albert-Sambi-Lokonga
Albert Sambi Lokonga,/en/players/1b4f1169/Albert-Sambi-Lokonga
Davinson Sanchez,/en/players/da7b447d/Davinson-Sanchez
Robert Sanchez,/en/players/cce694d4/Robert-Sanchez
Jadon Sancho,/en/players/dbf053da/Jadon-Sancho
Morgan Sanson,/en/players/6e7f1353/Morgan-Sanson
Pablo Sarabia,/en/players/9744ff80/Pablo-Sarabia
Jeremy Sarmiento,/en/players/ac0d576d/Jeremy-Sarmiento
Gianluca Scamacca,/en/players/8790f988/Gianluca-Scamacca
Gustavo Scarpa,/en/players/2964fd20/Gustavo-Scarpa
Kevin Schade,/en/players/52afb588/Kevin-Schade
Fabian Schar,/en/players/c8aa95da/Fabian-Schar
Jeffrey Schlupp,/en/players/3312f911/Jeffrey-Schlupp
Nelson Semedo,/en/players/d04b94db/Nelson-Semedo
Antoine Semenyo,/en/players/efd2ec23/Antoine-Semenyo
Marcos Senesi,/en/players/35141f4c/Marcos-Senesi
Ryan Sessegnon,/en/players/6aa3e78b/Ryan-Sessegnon
Luke Shaw,/en/players/9c94165b/Luke-Shaw
Jonjo Shelvey,/en/players/3727dd3c/Jonjo-Shelvey
Jonjo Shelvey,/en/players/3727dd3c/Jonjo-Shelvey
Bernardo Silva,/en/players/3eb22ec9/Bernardo-Silva
Thiago Silva,/en/players/86e7deaf/Thiago-Silva
Ellis Simms,/en/players/26d3b5be/Ellis-Simms
Luis Sinisterra,/en/players/8e16dd48/Luis-Sinisterra
Oliver Skipp,/en/players/6250083a/Oliver-Skipp
Adam Smith,/en/players/20b104bc/Adam-Smith
Emile Smith Rowe,/en/players/17695062/Emile-Smith-Rowe
Cedric Soares,/en/players/839c14e1/Cedric-Soares
Cedric Soares,/en/players/839c14e1/Cedric-Soares
Dominic Solanke,/en/players/e77dc3b2/Dominic-Solanke
Manor Solomon,/en/players/886f9aac/Manor-Solomon
Tomas Soucek,/en/players/6613c819/Tomas-Soucek
Boubakary Soumare,/en/players/ae59b359/Boubakary-Soumare
Harry Souttar,/en/players/0a6cb1b1/Harry-Souttar
Caglar Soyuncu,/en/players/21166ff4/Caglar-Soyuncu
Djed Spence,/en/players/9bc9a519/Djed-Spence
Jack Stacey,/en/players/558807c0/Jack-Stacey
Junior Stanislas,/en/players/6992791d/Junior-Stanislas
Jay Stansfield,/en/players/b2626673/Jay-Stansfield
Jason Steele,/en/players/28300a16/Jason-Steele
Jack Stephens,/en/players/6adbc307/Jack-Stephens
Jack Stephens,/en/players/6adbc307/Jack-Stephens
Raheem Sterling,/en/players/b400bde0/Raheem-Sterling
John Stones,/en/players/5eecec3d/John-Stones
Pascal Struijk,/en/players/f4d296e4/Pascal-Struijk
Kamaldeen Sulemana,/en/players/a62f8bf1/Kamaldeen-Sulemana
Crysencio Summerville,/en/players/df04eb4b/Crysencio-Summerville
Sam Surridge,/en/players/b017b770/Sam-Surridge
Japhet Tanganga,/en/players/e9971f2d/Japhet-Tanganga
Matt Targett,/en/players/e514ab62/Matt-Targett
James Tarkowski,/en/players/15ea812b/James-Tarkowski
Marcus Tavernier,/en/players/5c0da4a4/Marcus-Tavernier
Tete,/en/players/7120a04d/Tete
Kenny Tete,/en/players/77d7c96f/Kenny-Tete
Luke Thomas,/en/players/fc027d02/Luke-Thomas
Youri Tielemans,/en/players/56f7a928/Youri-Tielemans
Kieran Tierney,/en/players/fce2302c/Kieran-Tierney
Harry Toffolo,/en/players/a105d46a/Harry-Toffolo
Takehiro Tomiyasu,/en/players/b3af9be1/Takehiro-Tomiyasu
James Tomkins,/en/players/e7ca0439/James-Tomkins
Ivan Toney,/en/players/e09f279b/Ivan-Toney
Adama Traore,/en/players/9a28eba4/Adama-Traore
Bertrand Traore,/en/players/c47541e0/Bertrand-Traore
Boubacar Traore,/en/players/999ceb5f/Boubacar-Traore
Mark Travers,/en/players/fe558029/Mark-Travers
Kieran Trippier,/en/players/21512407/Kieran-Trippier
Leandro Trossard,/en/players/38ceb24a/Leandro-Trossard
Leandro Trossard,/en/players/38ceb24a/Leandro-Trossard
Kostas Tsimikas,/en/players/f315ca93/Kostas-Tsimikas
Deniz Undav,/en/players/dd549382/Deniz-Undav
Valery,/en/players/4acd733a/Valery
Virgil van Dijk,/en/players/e06683ca/Virgil-van-Dijk
Raphael Varane,/en/players/9f8e9423/Raphael-Varane
Jamie Vardy,/en/players/45963054/Jamie-Vardy
Joel Veltman,/en/players/dad4b285/Joel-Veltman
Fabio Vieira,/en/players/6412cc03/Fabio-Vieira
Matias Vina,/en/players/08eb3b58/Matias-Vina
Ruben Vinagre,/en/players/b937e490/Ruben-Vinagre
Carlos Vinicius,/en/players/8b529245/Carlos-Vinicius
Theo Walcott,/en/players/1ecb65be/Theo-Walcott
Kyle Walker,/en/players/86dd77d1/Kyle-Walker
Kyle Walker Peters,/en/players/984a5a64/Kyle-Walker-Peters
Aaron Wan Bissaka,/en/players/9e525177/Aaron-Wan-Bissaka
Danny Ward,/en/players/d3ce0e89/Danny-Ward
Joel Ward,/en/players/8a7ff278/Joel-Ward
James Ward Prowse,/en/players/3515d404/James-Ward-Prowse
Ollie Watkins,/en/players/aed3a70f/Ollie-Watkins
Adam Webster,/en/players/c40b6180/Adam-Webster
Wout Weghorst,/en/players/c4e87b8b/Wout-Weghorst
Danny Welbeck,/en/players/ce5143da/Danny-Welbeck
Ben White,/en/players/35e413f1/Ben-White
Harvey White,/en/players/4d90ce8c/Harvey-White
Joseph Whitworth,/en/players/3f847d95/Joseph-Whitworth
Neco Williams,/en/players/dd323728/Neco-Williams
Willian,/en/players/8b9ebd03/Willian
Joe Willock,/en/players/a3b03921/Joe-Willock
Callum Wilson,/en/players/c596fcb0/Callum-Wilson
Harry Wilson,/en/players/c6dc9ecd/Harry-Wilson
Yoane Wissa,/en/players/2500cef9/Yoane-Wissa
Maximilian Wober,/en/players/4b803b3c/Maximilian-Wober
Chris Wood,/en/players/4e9a0555/Chris-Wood
Chris Wood,/en/players/4e9a0555/Chris-Wood
Joe Worrall,/en/players/a5212312/Joe-Worrall
Granit Xhaka,/en/players/e61b8aee/Granit-Xhaka
Ryan Yates,/en/players/c1fe2a48/Ryan-Yates
Ashley Young,/en/players/be927d03/Ashley-Young
Illia Zabarnyi,/en/players/88968486/Illia-Zabarnyi
Wilfried Zaha,/en/players/b2bc3b1f/Wilfried-Zaha
Denis Zakaria,/en/players/384d58d9/Denis-Zakaria
Jordan Zemura,/en/players/e8271ad9/Jordan-Zemura
Oleksandr Zinchenko,/en/players/51cf8561/Oleksandr-Zinchenko
Hakim Ziyech,/en/players/6622454d/Hakim-Ziyech
Kurt Zouma,/en/players/ce4246f5/Kurt-Zouma
Martin Odegaard,/en/players/79300479/Martin-Odegaard
Lisa De Vanna,/en/players/88fb9f93/Lisa-De-Vanna
Sam Kerr,/en/players/6a435e8d/Sam-Kerr
Edinson Cavani,/en/players/527f063d/Edinson-Cavani
Luis Suarez,/en/players/a6154613/Luis-Suarez
Harry Kane,/en/players/21a66f6a/Harry-Kane
Wayne Rooney,/en/players/f07be45a/Wayne-Rooney
Jesus Navas,/en/players/3f10bd22/Jesus-Navas
Carli Lloyd,/en/players/f9589b2d/Carli-Lloyd
Alex Morgan,/en/players/1a64f434/Alex-Morgan
Olivier Giroud,/en/players/16ceb862/Olivier-Giroud
Wendie Renard,/en/players/6a1b832a/Wendie-Renard
Robbie Keane,/en/players/f45e1bb2/Robbie-Keane
Hedvig Lindahl,/en/players/2d309cfe/Hedvig-Lindahl
Edin Dzeko,/en/players/3bb7f478/Edin-Dzeko
Peter Crouch,/en/players/73d9bdc7/Peter-Crouch
